Task,Original model,QAT model
Collision,0.7709637046307884,0.9136420525657072
Fire detection,0.7940436241610739,0.738255033557047
Steering angle,0.18170198798179626,0.26464951038360596
