,QAT,PTQ
Early Exit,0.6979967624443545,0.7369486038041279
Final,0.6870700121408336,0.763860785107244
